timestamp,commit,build_mode,benchmark_id,dataset_id,mean_ns,median_ns,stddev_ns,speedup_vs_baseline,notes
2026-02-13T15:57:04Z,e761562,Release,bench_geometry_frame,synthetic_100x100,527000,527000,0,,topology_ms=2.266;curvature_ms=0.481;flow_ms=0.046;fps=1896.664
2026-02-13T15:57:04Z,e761562,Release,bench_geometry_frame,synthetic_250x250,2952000,2952000,0,,topology_ms=12.999;curvature_ms=2.702;flow_ms=0.250;fps=338.784
2026-02-13T15:57:04Z,e761562,Release,bench_geometry_frame,synthetic_500x500,1.2816e+07,1.2816e+07,0,,topology_ms=55.466;curvature_ms=11.824;flow_ms=0.992;fps=78.028
2026-02-13T15:57:04Z,e761562,Release,bench_geometry_frame,synthetic_1000x1000,5.0139e+07,5.0139e+07,0,,topology_ms=218.187;curvature_ms=46.147;flow_ms=3.992;fps=19.944
"2026-02-13T15:57:05Z","e761562","Release","bench_dod_bench_1form_gram/2000/16","synthetic","467705.65747517010","467620.08684061246","2847.7106153122922","","google-benchmark aggregate"
"2026-02-13T15:57:05Z","e761562","Release","bench_dod_bench_curl_energy/2000/16","synthetic","10115383.649934772","10097354.167589433","58634.274129588252","","google-benchmark aggregate"
"2026-02-13T15:57:05Z","e761562","Release","bench_dod_bench_curvature_kernel/400","synthetic","7237315.9146175180","7244724.8818114009","20492.083361805900","","google-benchmark aggregate"
"2026-02-13T15:57:05Z","e761562","Release","bench_dod_bench_diffusion_build/2000","synthetic","3381190.0195562178","3370130.9146658503","39698.712514015540","","google-benchmark aggregate"
"2026-02-13T15:57:05Z","e761562","Release","bench_dod_bench_eigenbasis/2000/16","synthetic","15799686.799032822","15767380.776297715","66003.459657313928","","google-benchmark aggregate"
"2026-02-13T15:57:05Z","e761562","Release","bench_dod_bench_flow_kernel/400","synthetic","600463.25600905041","599551.32554054388","3169.8043203599000","","google-benchmark aggregate"
"2026-02-13T15:57:05Z","e761562","Release","bench_dod_bench_hodge_solve/2000/16","synthetic","74017.597850246399","73961.119240316068","468.23014846440856","","google-benchmark aggregate"
"2026-02-13T15:57:05Z","e761562","Release","bench_dod_bench_markov_step/2000","synthetic","29671.417881944963","29612.536926817818","118.57615779533394","","google-benchmark aggregate"
"2026-02-13T15:57:05Z","e761562","Release","bench_dod_bench_mesh_topology_build/400","synthetic","33978948.451112956","33719721.366651356","608954.41216984519","","google-benchmark aggregate"
"2026-02-13T15:57:05Z","e761562","Release","bench_dod_bench_weak_derivative/2000/16","synthetic","2475672.0356710320","2470806.1235713530","9980.5386919779521","","google-benchmark aggregate"
"2026-02-13T16:10:01Z","1c1caf1","Release","bench_dod_bench_1form_gram/2000/16","synthetic","359059.39487301704","359064.64467963809","1401.5616348828235","","google-benchmark aggregate"
"2026-02-13T16:10:01Z","1c1caf1","Release","bench_dod_bench_curl_energy/2000/16","synthetic","6980453.6458104849","6963239.5869120955","52428.927350242404","","google-benchmark aggregate"
"2026-02-13T16:10:01Z","1c1caf1","Release","bench_dod_bench_curvature_kernel/400","synthetic","7258927.3468997227","7230950.8477934655","89800.506993157105","","google-benchmark aggregate"
"2026-02-13T16:10:01Z","1c1caf1","Release","bench_dod_bench_diffusion_build/2000","synthetic","3592953.0154374475","3532837.4421959249","196136.12584450515","","google-benchmark aggregate"
"2026-02-13T16:10:01Z","1c1caf1","Release","bench_dod_bench_eigenbasis/2000/16","synthetic","15048998.840049738","14948906.247607535","195923.92020273631","","google-benchmark aggregate"
"2026-02-13T16:10:01Z","1c1caf1","Release","bench_dod_bench_flow_kernel/400","synthetic","606671.48801267799","605299.95619529684","4882.3914691215123","","google-benchmark aggregate"
"2026-02-13T16:10:01Z","1c1caf1","Release","bench_dod_bench_hodge_solve/2000/16","synthetic","72907.306534044023","72879.859401124442","335.24009995389952","","google-benchmark aggregate"
"2026-02-13T16:10:01Z","1c1caf1","Release","bench_dod_bench_markov_step/2000","synthetic","30972.285821917467","30913.225792817328","228.43790861833833","","google-benchmark aggregate"
"2026-02-13T16:10:01Z","1c1caf1","Release","bench_dod_bench_mesh_topology_build/400","synthetic","33389641.654988132","33341041.662626795","665143.26424575085","","google-benchmark aggregate"
"2026-02-13T16:10:01Z","1c1caf1","Release","bench_dod_bench_weak_derivative/2000/16","synthetic","1680227.6030094139","1669309.8988894019","22933.190010443283","","google-benchmark aggregate"
"2026-02-13T16:16:58Z","f782968","Release","bench_dod_bench_1form_gram/2000/16","synthetic","369217.09266931872","368821.78377003683","1576.2635878291571","","google-benchmark aggregate"
"2026-02-13T16:16:58Z","f782968","Release","bench_dod_bench_curl_energy/2000/16","synthetic","6991649.1617914289","6974281.7780934274","34646.184083440967","","google-benchmark aggregate"
"2026-02-13T16:16:58Z","f782968","Release","bench_dod_bench_curvature_kernel/400","synthetic","7347723.6136125447","7342962.0645653736","93891.400848928082","","google-benchmark aggregate"
"2026-02-13T16:16:58Z","f782968","Release","bench_dod_bench_diffusion_build/2000","synthetic","3453226.9444800420","3450563.0383727611","44759.251925069570","","google-benchmark aggregate"
"2026-02-13T16:16:58Z","f782968","Release","bench_dod_bench_eigenbasis/2000/16","synthetic","15181099.773488110","15178444.458999569","33794.481957250580","","google-benchmark aggregate"
"2026-02-13T16:16:58Z","f782968","Release","bench_dod_bench_flow_kernel/400","synthetic","613027.53620902472","611696.96627589676","3387.0422623697827","","google-benchmark aggregate"
"2026-02-13T16:16:58Z","f782968","Release","bench_dod_bench_hodge_solve/2000/16","synthetic","73411.825767972972","73321.635339216358","358.33955090261043","","google-benchmark aggregate"
"2026-02-13T16:16:58Z","f782968","Release","bench_dod_bench_markov_step/2000","synthetic","25318.031131988071","25302.933715883897","125.94330028428401","","google-benchmark aggregate"
"2026-02-13T16:16:58Z","f782968","Release","bench_dod_bench_mesh_topology_build/400","synthetic","35926037.502940744","35876229.201676324","358835.41612555075","","google-benchmark aggregate"
"2026-02-13T16:16:58Z","f782968","Release","bench_dod_bench_weak_derivative/2000/16","synthetic","1703551.7534922536","1701841.0825829315","6113.9688924902030","","google-benchmark aggregate"
"2026-02-13T16:20:58Z","79b2fd3","Release","bench_dod_bench_1form_gram/2000/16","synthetic","365418.57014298055","365206.37048856984","581.72334818696538","","google-benchmark aggregate"
"2026-02-13T16:20:58Z","79b2fd3","Release","bench_dod_bench_curl_energy/2000/16","synthetic","7008264.0612963587","6998918.2229619473","17179.381420694113","","google-benchmark aggregate"
"2026-02-13T16:20:58Z","79b2fd3","Release","bench_dod_bench_curvature_kernel/400","synthetic","7307233.0009094197","7298408.9952354357","45936.517802809380","","google-benchmark aggregate"
"2026-02-13T16:20:58Z","79b2fd3","Release","bench_dod_bench_diffusion_build/2000","synthetic","3364899.7942758040","3338618.6497831130","52406.138750315440","","google-benchmark aggregate"
"2026-02-13T16:20:58Z","79b2fd3","Release","bench_dod_bench_eigenbasis/2000/16","synthetic","15047300.658433845","15031708.318642095","54973.299525433918","","google-benchmark aggregate"
"2026-02-13T16:20:58Z","79b2fd3","Release","bench_dod_bench_flow_kernel/400","synthetic","605486.08431197470","604240.26055463066","3496.3078017717694","","google-benchmark aggregate"
"2026-02-13T16:20:58Z","79b2fd3","Release","bench_dod_bench_hodge_solve/2000/16","synthetic","74646.943715698333","74570.729043383864","755.40056392508620","","google-benchmark aggregate"
"2026-02-13T16:20:58Z","79b2fd3","Release","bench_dod_bench_markov_step/2000","synthetic","17269.411920929277","17261.652060197954","55.208529348197466","","google-benchmark aggregate"
"2026-02-13T16:20:58Z","79b2fd3","Release","bench_dod_bench_mesh_topology_build/400","synthetic","36286331.753944978","36321791.616501287","271613.80343437498","","google-benchmark aggregate"
"2026-02-13T16:20:58Z","79b2fd3","Release","bench_dod_bench_weak_derivative/2000/16","synthetic","1676872.3561757519","1671660.4279967661","10576.806627433918","","google-benchmark aggregate"
"2026-02-13T16:25:41Z","a7b5c3d","Release","bench_dod_bench_1form_gram/2000/16","synthetic","359528.68951697915","359584.16475896433","284.75251254361513","","google-benchmark aggregate"
"2026-02-13T16:25:41Z","a7b5c3d","Release","bench_dod_bench_curl_energy/2000/16","synthetic","7035424.5824273676","6995148.9625964314","109708.85090050954","","google-benchmark aggregate"
"2026-02-13T16:25:41Z","a7b5c3d","Release","bench_dod_bench_curvature_kernel/400","synthetic","7272102.4581159530","7258587.6063945191","33091.797825206297","","google-benchmark aggregate"
"2026-02-13T16:25:41Z","a7b5c3d","Release","bench_dod_bench_diffusion_build/2000","synthetic","3561826.9774250872","3546684.8341270513","44090.855215832868","","google-benchmark aggregate"
"2026-02-13T16:25:41Z","a7b5c3d","Release","bench_dod_bench_eigenbasis/2000/16","synthetic","15258950.230458546","15256357.637958396","21101.311642479977","","google-benchmark aggregate"
"2026-02-13T16:25:41Z","a7b5c3d","Release","bench_dod_bench_flow_kernel/400","synthetic","606648.40589236957","604725.36234832974","6622.8122128975911","","google-benchmark aggregate"
"2026-02-13T16:25:41Z","a7b5c3d","Release","bench_dod_bench_hodge_solve/2000/16","synthetic","73453.558118153276","73318.152940661574","576.08811847779361","","google-benchmark aggregate"
"2026-02-13T16:25:41Z","a7b5c3d","Release","bench_dod_bench_markov_step/2000","synthetic","17186.857920464037","17180.167323888058","22.668421463049878","","google-benchmark aggregate"
"2026-02-13T16:25:41Z","a7b5c3d","Release","bench_dod_bench_mesh_topology_build/400","synthetic","4622784.5539949071","4608626.4292484727","37343.683793871649","","google-benchmark aggregate"
"2026-02-13T16:25:41Z","a7b5c3d","Release","bench_dod_bench_weak_derivative/2000/16","synthetic","1670727.5943930992","1671091.3174055114","2692.6922256488924","","google-benchmark aggregate"
"2026-02-13T16:31:38Z","2ccddc0","Release","bench_dod_bench_1form_gram/2000/16","synthetic","366117.82709514006","364409.36854608310","5588.4538960299351","","google-benchmark aggregate"
"2026-02-13T16:31:38Z","2ccddc0","Release","bench_dod_bench_curl_energy/2000/16","synthetic","6992387.8088593483","6989388.5520286858","14544.717828702302","","google-benchmark aggregate"
"2026-02-13T16:31:38Z","2ccddc0","Release","bench_dod_bench_curvature_kernel/400","synthetic","7294074.2315136297","7250264.8078003200","108039.48186373501","","google-benchmark aggregate"
"2026-02-13T16:31:38Z","2ccddc0","Release","bench_dod_bench_diffusion_build/2000","synthetic","3507512.0854889974","3501915.3612665832","44231.571394344857","","google-benchmark aggregate"
"2026-02-13T16:31:38Z","2ccddc0","Release","bench_dod_bench_eigenbasis/2000/16","synthetic","15140518.755652010","15119386.552315619","77100.134561445564","","google-benchmark aggregate"
"2026-02-13T16:31:38Z","2ccddc0","Release","bench_dod_bench_flow_kernel/400","synthetic","582448.27761468419","581337.24740548898","3537.5046726693436","","google-benchmark aggregate"
"2026-02-13T16:31:38Z","2ccddc0","Release","bench_dod_bench_hodge_solve/2000/16","synthetic","72991.763174200300","72977.702518297738","110.03972207235920","","google-benchmark aggregate"
"2026-02-13T16:31:38Z","2ccddc0","Release","bench_dod_bench_markov_step/2000","synthetic","17524.545988445749","17509.610962304258","55.232469659738591","","google-benchmark aggregate"
"2026-02-13T16:31:38Z","2ccddc0","Release","bench_dod_bench_mesh_topology_build/400","synthetic","4636530.5972209228","4606210.0426767198","52102.020575354756","","google-benchmark aggregate"
"2026-02-13T16:31:38Z","2ccddc0","Release","bench_dod_bench_weak_derivative/2000/16","synthetic","1681260.1561719433","1677553.7675391594","10931.059758446523","","google-benchmark aggregate"
"2026-02-13T16:37:16Z","7b409e9","Release","bench_dod_bench_1form_gram/2000/16","synthetic","366250.68871856836","366690.75317935052","1260.9975904443684","","google-benchmark aggregate"
"2026-02-13T16:37:16Z","7b409e9","Release","bench_dod_bench_curl_energy/2000/16","synthetic","6967118.9563814569","6967821.8744229525","3207.4086831527629","","google-benchmark aggregate"
"2026-02-13T16:37:16Z","7b409e9","Release","bench_dod_bench_curvature_kernel/400","synthetic","7248667.8460756168","7249771.8919737209","2568.0908597234647","","google-benchmark aggregate"
"2026-02-13T16:37:16Z","7b409e9","Release","bench_dod_bench_diffusion_build/2000","synthetic","3132982.5287684798","3130958.8124382896","6755.6101400813832","","google-benchmark aggregate"
"2026-02-13T16:37:16Z","7b409e9","Release","bench_dod_bench_eigenbasis/2000/16","synthetic","15123850.661084842","15122965.970811874","14425.062967613772","","google-benchmark aggregate"
"2026-02-13T16:37:16Z","7b409e9","Release","bench_dod_bench_flow_kernel/400","synthetic","582417.08359370625","582279.38376755139","674.89839554238301","","google-benchmark aggregate"
"2026-02-13T16:37:16Z","7b409e9","Release","bench_dod_bench_hodge_solve/2000/16","synthetic","72571.750517319771","72576.570352544237","275.80045090908243","","google-benchmark aggregate"
"2026-02-13T16:37:16Z","7b409e9","Release","bench_dod_bench_markov_step/2000","synthetic","17537.697013523542","17532.275488995805","20.748004773067386","","google-benchmark aggregate"
"2026-02-13T16:37:16Z","7b409e9","Release","bench_dod_bench_mesh_topology_build/400","synthetic","4653469.7905493276","4654439.2321569221","4302.6290059352486","","google-benchmark aggregate"
"2026-02-13T16:37:16Z","7b409e9","Release","bench_dod_bench_weak_derivative/2000/16","synthetic","1670544.6438642128","1670227.9293288786","2319.7066446881631","","google-benchmark aggregate"
"2026-02-13T16:40:29Z","dbce9fb","Release","bench_dod_bench_1form_gram/2000/16","synthetic","361188.83366641478","359963.44760491262","3796.9372509799323","","google-benchmark aggregate"
"2026-02-13T16:40:29Z","dbce9fb","Release","bench_dod_bench_curl_energy/2000/16","synthetic","6973190.1073828340","6971184.3738332391","6517.2288121389438","","google-benchmark aggregate"
"2026-02-13T16:40:29Z","dbce9fb","Release","bench_dod_bench_curvature_kernel/400","synthetic","7250367.0990371555","7249365.3816099344","3070.7347364326079","","google-benchmark aggregate"
"2026-02-13T16:40:29Z","dbce9fb","Release","bench_dod_bench_diffusion_build/2000","synthetic","3171661.3982129716","3170170.7409630558","6272.7694149246981","","google-benchmark aggregate"
"2026-02-13T16:40:29Z","dbce9fb","Release","bench_dod_bench_eigenbasis/2000/16","synthetic","14879910.968930315","14873536.181096965","16697.143941673254","","google-benchmark aggregate"
"2026-02-13T16:40:29Z","dbce9fb","Release","bench_dod_bench_flow_kernel/400","synthetic","524733.96542464639","524820.18522806617","397.99212251873280","","google-benchmark aggregate"
"2026-02-13T16:40:29Z","dbce9fb","Release","bench_dod_bench_hodge_solve/2000/16","synthetic","72815.862925759953","72771.228130844931","136.13304464863458","","google-benchmark aggregate"
"2026-02-13T16:40:29Z","dbce9fb","Release","bench_dod_bench_markov_step/2000","synthetic","17697.021474878486","17696.229385705654","10.953599656246015","","google-benchmark aggregate"
"2026-02-13T16:40:29Z","dbce9fb","Release","bench_dod_bench_mesh_topology_build/400","synthetic","4666274.7899417654","4657752.4685821794","20810.767402245416","","google-benchmark aggregate"
"2026-02-13T16:40:29Z","dbce9fb","Release","bench_dod_bench_weak_derivative/2000/16","synthetic","1670976.1730322761","1670639.3443293378","1612.3537820327865","","google-benchmark aggregate"
"2026-02-13T16:45:43Z","e1c3135","Release","bench_dod_bench_1form_gram/2000/16","synthetic","336883.70943087398","336941.81213587994","256.86520521235587","","google-benchmark aggregate"
"2026-02-13T16:45:43Z","e1c3135","Release","bench_dod_bench_curl_energy/2000/16","synthetic","6248826.4797462355","6250954.6211610232","13727.288896151114","","google-benchmark aggregate"
"2026-02-13T16:45:43Z","e1c3135","Release","bench_dod_bench_curvature_kernel/400","synthetic","7278773.5050018774","7282645.8356128279","14023.166790677209","","google-benchmark aggregate"
"2026-02-13T16:45:43Z","e1c3135","Release","bench_dod_bench_diffusion_build/2000","synthetic","3127673.2926595621","3124512.5441769646","8602.3124247807737","","google-benchmark aggregate"
"2026-02-13T16:45:43Z","e1c3135","Release","bench_dod_bench_eigenbasis/2000/16","synthetic","15038889.908770982","15032162.289380241","32352.572314744430","","google-benchmark aggregate"
"2026-02-13T16:45:43Z","e1c3135","Release","bench_dod_bench_flow_kernel/400","synthetic","524844.23552352679","524850.36745989567","232.84328570119359","","google-benchmark aggregate"
"2026-02-13T16:45:43Z","e1c3135","Release","bench_dod_bench_hodge_solve/2000/16","synthetic","72533.227628665423","72515.181415486979","246.95122500003873","","google-benchmark aggregate"
"2026-02-13T16:45:43Z","e1c3135","Release","bench_dod_bench_markov_step/2000","synthetic","17507.467401424921","17506.924025989483","3.1744604232643647","","google-benchmark aggregate"
"2026-02-13T16:45:43Z","e1c3135","Release","bench_dod_bench_mesh_topology_build/400","synthetic","4646345.7634672523","4642554.5044864211","9634.1602274064826","","google-benchmark aggregate"
"2026-02-13T16:45:43Z","e1c3135","Release","bench_dod_bench_weak_derivative/2000/16","synthetic","1525396.8856676104","1525200.0949048733","1876.6695593205895","","google-benchmark aggregate"
"2026-02-13T16:48:05Z","b9f4ce0","Release","bench_dod_bench_1form_gram/2000/16","synthetic","338885.37358083687","338459.11133895087","1251.7593975556197","","google-benchmark aggregate"
"2026-02-13T16:48:05Z","b9f4ce0","Release","bench_dod_bench_curl_energy/2000/16","synthetic","6278852.7738302946","6278684.7197761135","20501.229586548776","","google-benchmark aggregate"
"2026-02-13T16:48:05Z","b9f4ce0","Release","bench_dod_bench_curvature_kernel/400","synthetic","7251639.5280567501","7251589.7321490897","1849.7295184398663","","google-benchmark aggregate"
"2026-02-13T16:48:05Z","b9f4ce0","Release","bench_dod_bench_diffusion_build/2000","synthetic","2900426.6832340909","2897960.7778502270","6239.4349379454361","","google-benchmark aggregate"
"2026-02-13T16:48:05Z","b9f4ce0","Release","bench_dod_bench_eigenbasis/2000/16","synthetic","14918755.475235611","14915476.982040623","14791.201520289407","","google-benchmark aggregate"
"2026-02-13T16:48:05Z","b9f4ce0","Release","bench_dod_bench_flow_kernel/400","synthetic","524540.89239155827","524429.60441112530","506.55274737487736","","google-benchmark aggregate"
"2026-02-13T16:48:05Z","b9f4ce0","Release","bench_dod_bench_hodge_solve/2000/16","synthetic","72422.222516709764","72262.967726395975","306.57103476632312","","google-benchmark aggregate"
"2026-02-13T16:48:05Z","b9f4ce0","Release","bench_dod_bench_markov_step/2000","synthetic","17838.846680969833","17808.214084861342","86.582447956185234","","google-benchmark aggregate"
"2026-02-13T16:48:05Z","b9f4ce0","Release","bench_dod_bench_mesh_topology_build/400","synthetic","4654110.9897902822","4650557.4618691001","18403.445638064404","","google-benchmark aggregate"
"2026-02-13T16:48:05Z","b9f4ce0","Release","bench_dod_bench_weak_derivative/2000/16","synthetic","1521636.3209259252","1522407.3798415938","2178.1538231745080","","google-benchmark aggregate"
"2026-02-13T16:55:02Z","867417c","Release","bench_dod_bench_1form_gram/2000/16","synthetic","335073.28848549712","334853.31784509972","521.72721897195834","","google-benchmark aggregate"
"2026-02-13T16:55:02Z","867417c","Release","bench_dod_bench_curl_energy/2000/16","synthetic","6222632.9640381876","6221274.0691999588","6738.0023029617496","","google-benchmark aggregate"
"2026-02-13T16:55:02Z","867417c","Release","bench_dod_bench_curvature_kernel/400","synthetic","7286030.9241437595","7284519.7344002752","9008.3367569391467","","google-benchmark aggregate"
"2026-02-13T16:55:02Z","867417c","Release","bench_dod_bench_diffusion_build/2000","synthetic","2896466.2708734209","2895092.9837791538","5304.5203651227475","","google-benchmark aggregate"
"2026-02-13T16:55:02Z","867417c","Release","bench_dod_bench_eigenbasis/2000/16","synthetic","15040256.139381152","15034976.966777131","17054.625508219986","","google-benchmark aggregate"
"2026-02-13T16:55:02Z","867417c","Release","bench_dod_bench_flow_kernel/400","synthetic","522255.76034302253","521880.98501872766","1157.7251488051600","","google-benchmark aggregate"
"2026-02-13T16:55:02Z","867417c","Release","bench_dod_bench_hodge_solve/2000/16","synthetic","72739.410931285325","72571.807681407838","503.05938789736319","","google-benchmark aggregate"
"2026-02-13T16:55:02Z","867417c","Release","bench_dod_bench_markov_step/2000","synthetic","17542.587858291205","17517.584212611422","58.933890628686029","","google-benchmark aggregate"
"2026-02-13T16:55:02Z","867417c","Release","bench_dod_bench_mesh_topology_build/400","synthetic","4580234.9977505710","4576230.5535996947","9843.5743512876143","","google-benchmark aggregate"
"2026-02-13T16:55:02Z","867417c","Release","bench_dod_bench_weak_derivative/2000/16","synthetic","1472199.7808762558","1473070.6806075196","2986.3228599554327","","google-benchmark aggregate"
"2026-02-13T18:16:17Z","1ab1f43","Release","bench_dod_bench_1form_gram/2000/16","synthetic","336252.09302533057","336202.84038491885","621.23993907344197","","google-benchmark aggregate"
"2026-02-13T18:16:17Z","1ab1f43","Release","bench_dod_bench_curl_energy/2000/16","synthetic","5995230.9830924086","5990435.2427743692","14249.159169616763","","google-benchmark aggregate"
"2026-02-13T18:16:17Z","1ab1f43","Release","bench_dod_bench_curvature_kernel/400","synthetic","7294438.3749640305","7292546.5953487307","10737.392151014277","","google-benchmark aggregate"
"2026-02-13T18:16:17Z","1ab1f43","Release","bench_dod_bench_diffusion_build/2000","synthetic","3047416.0240123891","3030167.1224431349","39566.976140495586","","google-benchmark aggregate"
"2026-02-13T18:16:17Z","1ab1f43","Release","bench_dod_bench_eigenbasis/2000/16","synthetic","15060841.669573594","15046374.982615048","33422.068766229808","","google-benchmark aggregate"
"2026-02-13T18:16:17Z","1ab1f43","Release","bench_dod_bench_flow_kernel/400","synthetic","522754.02636798180","522173.90936599148","1577.5758385178381","","google-benchmark aggregate"
"2026-02-13T18:16:17Z","1ab1f43","Release","bench_dod_bench_hodge_solve/2000/16","synthetic","72556.687109316932","72437.257446917341","424.43163857407819","","google-benchmark aggregate"
"2026-02-13T18:16:17Z","1ab1f43","Release","bench_dod_bench_markov_step/2000","synthetic","17696.445248617729","17685.984806295848","27.029575592787733","","google-benchmark aggregate"
"2026-02-13T18:16:17Z","1ab1f43","Release","bench_dod_bench_mesh_topology_build/400","synthetic","4711246.6014611227","4617758.3436171208","242147.85077671235","","google-benchmark aggregate"
"2026-02-13T18:16:17Z","1ab1f43","Release","bench_dod_bench_weak_derivative/2000/16","synthetic","1468306.7318248120","1468081.7943850630","1243.7259431272792","","google-benchmark aggregate"
"2026-02-13T18:19:26Z","1ab1f43","Release","bench_dod_bench_1form_gram/2000/16","synthetic","334968.54574981832","334758.52208885003","695.65014648029251","","google-benchmark aggregate"
"2026-02-13T18:19:26Z","1ab1f43","Release","bench_dod_bench_curl_energy/2000/16","synthetic","6021401.6883772742","6006815.6045088749","56441.848887669054","","google-benchmark aggregate"
"2026-02-13T18:19:26Z","1ab1f43","Release","bench_dod_bench_curvature_kernel/400","synthetic","7277901.0670880480","7277047.0108550321","36857.867116915193","","google-benchmark aggregate"
"2026-02-13T18:19:26Z","1ab1f43","Release","bench_dod_bench_diffusion_build/2000","synthetic","2907534.2185914195","2903815.1532926774","12514.762722497735","","google-benchmark aggregate"
"2026-02-13T18:19:26Z","1ab1f43","Release","bench_dod_bench_eigenbasis/2000/16","synthetic","15068894.955574682","15059095.390729213","37925.835407335617","","google-benchmark aggregate"
"2026-02-13T18:19:26Z","1ab1f43","Release","bench_dod_bench_flow_kernel/400","synthetic","523318.44363741728","522638.94622043072","1753.1717925624132","","google-benchmark aggregate"
"2026-02-13T18:19:26Z","1ab1f43","Release","bench_dod_bench_hodge_solve/2000/16","synthetic","74862.850790380791","73408.410769416034","3792.8847521773969","","google-benchmark aggregate"
"2026-02-13T18:19:26Z","1ab1f43","Release","bench_dod_bench_markov_step/2000","synthetic","17707.252088407527","17696.672327668308","20.997195263926422","","google-benchmark aggregate"
"2026-02-13T18:19:26Z","1ab1f43","Release","bench_dod_bench_mesh_topology_build/400","synthetic","4573322.9114463730","4574194.8884941880","17190.326295097489","","google-benchmark aggregate"
"2026-02-13T18:19:26Z","1ab1f43","Release","bench_dod_bench_weak_derivative/2000/16","synthetic","1467354.6711473088","1467152.1923063616","2549.9227522705660","","google-benchmark aggregate"
"2026-02-13T18:22:35Z","7be6233","Release","bench_dod_bench_1form_gram/2000/16","synthetic","335919.82388943789","334787.20975603827","3223.4236571351785","","google-benchmark aggregate"
"2026-02-13T18:22:35Z","7be6233","Release","bench_dod_bench_curl_energy/2000/16","synthetic","5935559.6655068258","5936672.4404328046","14325.561024359729","","google-benchmark aggregate"
"2026-02-13T18:22:35Z","7be6233","Release","bench_dod_bench_curvature_kernel/400","synthetic","7264862.8345249500","7260015.3568936018","19260.970671916068","","google-benchmark aggregate"
"2026-02-13T18:22:35Z","7be6233","Release","bench_dod_bench_diffusion_build/2000","synthetic","2940954.9649844463","2940136.3027182980","17862.575951080777","","google-benchmark aggregate"
"2026-02-13T18:22:35Z","7be6233","Release","bench_dod_bench_eigenbasis/2000/16","synthetic","15134337.508223126","15117712.965649035","54130.137694722172","","google-benchmark aggregate"
"2026-02-13T18:22:35Z","7be6233","Release","bench_dod_bench_flow_kernel/400","synthetic","523138.15123575216","522569.36561702110","1152.5516184250621","","google-benchmark aggregate"
"2026-02-13T18:22:35Z","7be6233","Release","bench_dod_bench_hodge_solve/2000/16","synthetic","72443.003478751838","72392.499430207172","208.57754611434538","","google-benchmark aggregate"
"2026-02-13T18:22:35Z","7be6233","Release","bench_dod_bench_markov_step/2000","synthetic","17638.091750731437","17621.107446366899","43.610238832383665","","google-benchmark aggregate"
"2026-02-13T18:22:35Z","7be6233","Release","bench_dod_bench_mesh_topology_build/400","synthetic","4611972.1544285621","4611733.6838506162","15524.403911302079","","google-benchmark aggregate"
"2026-02-13T18:22:35Z","7be6233","Release","bench_dod_bench_weak_derivative/2000/16","synthetic","1465372.1716451016","1465075.2216479494","2439.8892548327058","","google-benchmark aggregate"
"2026-02-13T18:27:59Z","7be6233","Release","bench_dod_bench_1form_gram/2000/16","synthetic","290917.03597034339","290352.16360551934","2273.9268438370341","","google-benchmark aggregate"
"2026-02-13T18:27:59Z","7be6233","Release","bench_dod_bench_curl_energy/2000/16","synthetic","6013277.0412700605","6010135.6357336044","8945.2575209529241","","google-benchmark aggregate"
"2026-02-13T18:27:59Z","7be6233","Release","bench_dod_bench_curvature_kernel/400","synthetic","7264620.1735264389","7256048.2474632161","20640.884759437253","","google-benchmark aggregate"
"2026-02-13T18:27:59Z","7be6233","Release","bench_dod_bench_diffusion_build/2000","synthetic","3023209.7242548261","3016468.6407172871","40854.913473729037","","google-benchmark aggregate"
"2026-02-13T18:27:59Z","7be6233","Release","bench_dod_bench_eigenbasis/2000/16","synthetic","15320930.560119454","15223748.839667276","242573.43955827839","","google-benchmark aggregate"
"2026-02-13T18:27:59Z","7be6233","Release","bench_dod_bench_flow_kernel/400","synthetic","526387.84656565229","526037.41400014260","1756.6286919780464","","google-benchmark aggregate"
"2026-02-13T18:27:59Z","7be6233","Release","bench_dod_bench_hodge_solve/2000/16","synthetic","72329.285923946823","72294.696500258782","164.09517357412273","","google-benchmark aggregate"
"2026-02-13T18:27:59Z","7be6233","Release","bench_dod_bench_markov_step/2000","synthetic","17586.353081824531","17549.921382254899","87.371052586817385","","google-benchmark aggregate"
"2026-02-13T18:27:59Z","7be6233","Release","bench_dod_bench_mesh_topology_build/400","synthetic","4684780.7654800517","4679820.4886727035","37382.331428619058","","google-benchmark aggregate"
"2026-02-13T18:27:59Z","7be6233","Release","bench_dod_bench_weak_derivative/2000/16","synthetic","1467153.9047144747","1467715.5713893864","2167.7426904122512","","google-benchmark aggregate"
"2026-02-13T18:32:57Z","7be6233","Release","bench_dod_bench_1form_gram/2000/16","synthetic","335164.83159117878","335033.68598028913","654.17144159749046","","google-benchmark aggregate"
"2026-02-13T18:32:57Z","7be6233","Release","bench_dod_bench_curl_energy/2000/16","synthetic","6001740.4215846285","6004437.4871761249","11241.096084665280","","google-benchmark aggregate"
"2026-02-13T18:32:57Z","7be6233","Release","bench_dod_bench_curvature_kernel/400","synthetic","7300801.2087819604","7295910.0913354428","15401.812436774100","","google-benchmark aggregate"
"2026-02-13T18:32:57Z","7be6233","Release","bench_dod_bench_diffusion_build/2000","synthetic","2922210.9088192834","2888517.3182306662","79885.199646339286","","google-benchmark aggregate"
"2026-02-13T18:32:57Z","7be6233","Release","bench_dod_bench_eigenbasis/2000/16","synthetic","15076873.686752820","15055560.323066616","65723.973375322224","","google-benchmark aggregate"
"2026-02-13T18:32:57Z","7be6233","Release","bench_dod_bench_flow_kernel/400","synthetic","530378.90769049246","531138.71869051235","5321.1964535256766","","google-benchmark aggregate"
"2026-02-13T18:32:57Z","7be6233","Release","bench_dod_bench_hodge_solve/2000/16","synthetic","72954.041861521531","72872.667017994288","373.86551514067338","","google-benchmark aggregate"
"2026-02-13T18:32:57Z","7be6233","Release","bench_dod_bench_markov_step/2000","synthetic","17593.230153919056","17561.043541921164","64.283510871215100","","google-benchmark aggregate"
"2026-02-13T18:32:57Z","7be6233","Release","bench_dod_bench_mesh_topology_build/400","synthetic","4647507.4999034405","4623463.5364574688","71736.285632781888","","google-benchmark aggregate"
"2026-02-13T18:32:57Z","7be6233","Release","bench_dod_bench_weak_derivative/2000/16","synthetic","1470302.8506942485","1469591.5577344988","2300.4309810078948","","google-benchmark aggregate"
"2026-02-13T18:36:27Z","594341d","Release","bench_dod_bench_1form_gram/2000/16","synthetic","343445.86387015064","343207.87904382689","778.84601589810995","","google-benchmark aggregate"
"2026-02-13T18:36:27Z","594341d","Release","bench_dod_bench_curl_energy/2000/16","synthetic","6228885.3202269170","6225364.5737655461","12809.909058296755","","google-benchmark aggregate"
"2026-02-13T18:36:27Z","594341d","Release","bench_dod_bench_curvature_kernel/400","synthetic","7294001.0649080453","7292449.2415040731","7287.4565190737212","","google-benchmark aggregate"
"2026-02-13T18:36:27Z","594341d","Release","bench_dod_bench_diffusion_build/2000","synthetic","2953617.0239049587","2956530.2394731073","23272.390492671857","","google-benchmark aggregate"
"2026-02-13T18:36:27Z","594341d","Release","bench_dod_bench_eigenbasis/2000/16","synthetic","15075899.557651659","15057587.714277599","59575.731924135624","","google-benchmark aggregate"
"2026-02-13T18:36:27Z","594341d","Release","bench_dod_bench_flow_kernel/400","synthetic","525649.40177650680","523179.54548801837","7924.0168003747440","","google-benchmark aggregate"
"2026-02-13T18:36:27Z","594341d","Release","bench_dod_bench_hodge_solve/2000/16","synthetic","74885.340087953315","74919.263884865766","238.57717320000819","","google-benchmark aggregate"
"2026-02-13T18:36:27Z","594341d","Release","bench_dod_bench_markov_step/2000","synthetic","17732.528361470970","17733.598184494364","108.33995942196206","","google-benchmark aggregate"
"2026-02-13T18:36:27Z","594341d","Release","bench_dod_bench_mesh_topology_build/400","synthetic","4618624.7894850876","4616373.6066470537","26973.027271272011","","google-benchmark aggregate"
"2026-02-13T18:36:27Z","594341d","Release","bench_dod_bench_weak_derivative/2000/16","synthetic","1509834.9504233873","1509555.1002037819","2474.6090326458680","","google-benchmark aggregate"
"2026-02-13T18:58:41Z","88ea1af","Release","bench_dod_bench_1form_gram/2000/16","synthetic","352173.18313477363","344398.55057488929","16904.724738824574","","google-benchmark aggregate"
"2026-02-13T18:58:41Z","88ea1af","Release","bench_dod_bench_curl_energy/2000/16","synthetic","6033389.3664101977","6010863.9299869537","55906.064102720644","","google-benchmark aggregate"
"2026-02-13T18:58:41Z","88ea1af","Release","bench_dod_bench_curvature_kernel/400","synthetic","7346628.7239601733","7350508.2094159555","10328.852694690049","","google-benchmark aggregate"
"2026-02-13T18:58:41Z","88ea1af","Release","bench_dod_bench_diffusion_build/2000","synthetic","3053121.3722903938","3047308.8270381968","44316.660803264203","","google-benchmark aggregate"
"2026-02-13T18:58:41Z","88ea1af","Release","bench_dod_bench_eigenbasis/2000/16","synthetic","15035058.114383563","14922435.309639886","210503.07200757653","","google-benchmark aggregate"
"2026-02-13T18:58:41Z","88ea1af","Release","bench_dod_bench_flow_kernel/400","synthetic","534402.55230901833","532173.04722601385","5889.6527503336392","","google-benchmark aggregate"
"2026-02-13T18:58:41Z","88ea1af","Release","bench_dod_bench_hodge_solve/2000/16","synthetic","74488.845608208067","74560.669634126214","820.33477950638314","","google-benchmark aggregate"
"2026-02-13T18:58:41Z","88ea1af","Release","bench_dod_bench_markov_step/2000","synthetic","17973.850755692140","17941.928848023716","76.616518256102950","","google-benchmark aggregate"
"2026-02-13T18:58:41Z","88ea1af","Release","bench_dod_bench_mesh_topology_build/400","synthetic","4688725.4950164231","4710044.1356710456","37670.844950224811","","google-benchmark aggregate"
"2026-02-13T18:58:41Z","88ea1af","Release","bench_dod_bench_weak_derivative/2000/16","synthetic","1495261.8445889018","1484267.6696079874","46000.605145880145","","google-benchmark aggregate"
"2026-02-13T18:58:41Z","88ea1af","Release","bench_pipelines_bench_hodge_phase_circular","synthetic","25868231.654167179","25781716.592609882","242881.32674369781","","google-benchmark aggregate"
"2026-02-13T18:58:41Z","88ea1af","Release","bench_pipelines_bench_hodge_phase_curl_energy","synthetic","147196816.74614549","146820208.05776119","1394383.1946326981","","google-benchmark aggregate"
"2026-02-13T18:58:41Z","88ea1af","Release","bench_pipelines_bench_hodge_phase_eigenbasis","synthetic","108379441.31344557","108328042.08621383","108387.11461086062","","google-benchmark aggregate"
"2026-02-13T18:58:41Z","88ea1af","Release","bench_pipelines_bench_hodge_phase_gram","synthetic","6482544.6852906179","6427715.8923108466","89246.362153522539","","google-benchmark aggregate"
"2026-02-13T18:58:41Z","88ea1af","Release","bench_pipelines_bench_hodge_phase_solve","synthetic","1896085.4523933274","1889001.1845759943","15764.065443368736","","google-benchmark aggregate"
"2026-02-13T18:58:41Z","88ea1af","Release","bench_pipelines_bench_hodge_phase_topology","synthetic","6117914.8762122449","6121016.3099610284","49314.159900858707","","google-benchmark aggregate"
"2026-02-13T18:58:41Z","88ea1af","Release","bench_pipelines_bench_hodge_phase_weak_derivative","synthetic","12273285.614157263","12229886.371642351","83674.035480474602","","google-benchmark aggregate"
"2026-02-13T18:58:41Z","88ea1af","Release","bench_pipelines_bench_pipeline_diffusion_main/100","synthetic","5949534.3865516298","5950298.6259758472","3796.5805301224400","","google-benchmark aggregate"
"2026-02-13T18:58:41Z","88ea1af","Release","bench_pipelines_bench_pipeline_diffusion_main/20","synthetic","4179992.9662374789","4180812.4951785430","8958.8293763310794","","google-benchmark aggregate"
"2026-02-13T18:58:41Z","88ea1af","Release","bench_pipelines_bench_pipeline_hodge_main","synthetic","308095208.36919546","307989125.14001131","426239.64357696101","","google-benchmark aggregate"
"2026-02-13T18:58:41Z","88ea1af","Release","bench_pipelines_bench_pipeline_spectral_main","synthetic","33973943.651653826","33954135.258682072","69000.553710853957","","google-benchmark aggregate"
"2026-02-13T18:58:41Z","88ea1af","Release","bench_pipelines_bench_hodge_phase_eigenbasis","synthetic","125491358.52605107","126032625.32502413","1499106.3447963016","","google-benchmark aggregate"
"2026-02-13T18:58:41Z","88ea1af","Release","bench_pipelines_bench_pipeline_hodge_main","synthetic","320540267.13594794","319768334.27324891","2168196.1837020302","","google-benchmark aggregate"
"2026-02-13T18:58:41Z","88ea1af","Release","bench_pipelines_bench_pipeline_spectral_main","synthetic","33634581.207297742","33473239.513114095","263597.66316461319","","google-benchmark aggregate"
"2026-02-13T18:58:41Z","88ea1af","Release","bench_pipelines_bench_hodge_phase_eigenbasis","synthetic","108021550.25303364","107523125.13068318","953666.26632098178","","google-benchmark aggregate"
"2026-02-13T18:58:41Z","88ea1af","Release","bench_pipelines_bench_pipeline_hodge_main","synthetic","306255458.10908085","305141457.82217383","2698648.1130203530","","google-benchmark aggregate"
"2026-02-13T18:58:41Z","88ea1af","Release","bench_pipelines_bench_pipeline_spectral_main","synthetic","35148002.183996141","35331802.093423903","446373.82239293709","","google-benchmark aggregate"
"2026-02-13T19:09:28Z","9e02b50","Release","bench_dod_bench_1form_gram/2000/16","synthetic","349017.98440841964","349724.37541000545","2717.1272350302661","","google-benchmark aggregate"
"2026-02-13T19:09:28Z","9e02b50","Release","bench_dod_bench_curl_energy/2000/16","synthetic","1175798.9828881349","1172754.7943813815","7963.3311394966031","","google-benchmark aggregate"
"2026-02-13T19:09:28Z","9e02b50","Release","bench_dod_bench_curvature_kernel/400","synthetic","7332712.1626887787","7249741.5507363323","165470.23568566411","","google-benchmark aggregate"
"2026-02-13T19:09:28Z","9e02b50","Release","bench_dod_bench_diffusion_build/2000","synthetic","2955154.4726679204","2887698.6795742260","200516.99229205720","","google-benchmark aggregate"
"2026-02-13T19:09:28Z","9e02b50","Release","bench_dod_bench_eigenbasis/2000/16","synthetic","14874382.684693525","14873469.321939507","6302.9706287963754","","google-benchmark aggregate"
"2026-02-13T19:09:28Z","9e02b50","Release","bench_dod_bench_flow_kernel/400","synthetic","520551.49026954564","520068.54736751941","1976.2038956536467","","google-benchmark aggregate"
"2026-02-13T19:09:28Z","9e02b50","Release","bench_dod_bench_hodge_solve/2000/16","synthetic","73239.382551670671","73226.096879780394","558.93783178869978","","google-benchmark aggregate"
"2026-02-13T19:09:28Z","9e02b50","Release","bench_dod_bench_markov_step/2000","synthetic","17532.180357054989","17513.775787596252","31.563508343819638","","google-benchmark aggregate"
"2026-02-13T19:09:28Z","9e02b50","Release","bench_dod_bench_mesh_topology_build/400","synthetic","4711120.5554877715","4675006.6103413701","108214.25801449707","","google-benchmark aggregate"
"2026-02-13T19:09:28Z","9e02b50","Release","bench_dod_bench_weak_derivative/2000/16","synthetic","1466788.2812015403","1462066.7316194158","10447.070808546136","","google-benchmark aggregate"
"2026-02-13T19:09:28Z","9e02b50","Release","bench_pipelines_bench_hodge_phase_curl_energy","synthetic","15144674.167037010","15014325.841329992","488471.00311207783","","google-benchmark aggregate"
"2026-02-13T19:09:28Z","9e02b50","Release","bench_pipelines_bench_hodge_phase_eigenbasis","synthetic","111514091.77109599","114023416.76875949","3780694.0885595111","","google-benchmark aggregate"
"2026-02-13T19:09:28Z","9e02b50","Release","bench_pipelines_bench_hodge_phase_weak_derivative","synthetic","12165899.989618495","12117723.426358266","145864.46629737437","","google-benchmark aggregate"
"2026-02-13T19:09:28Z","9e02b50","Release","bench_pipelines_bench_pipeline_hodge_main","synthetic","177000517.02558994","177459750.32448769","1736462.0697870138","","google-benchmark aggregate"
"2026-02-13T19:09:28Z","9e02b50","Release","bench_pipelines_bench_hodge_phase_curl_energy","synthetic","142376549.72821477","142323874.86845255","230091.40604668710","","google-benchmark aggregate"
"2026-02-13T19:09:28Z","9e02b50","Release","bench_pipelines_bench_hodge_phase_eigenbasis","synthetic","106716408.30114484","106649583.20558071","199994.90413765519","","google-benchmark aggregate"
"2026-02-13T19:09:28Z","9e02b50","Release","bench_pipelines_bench_hodge_phase_weak_derivative","synthetic","12270285.429743430","12182656.248720985","261993.64984303567","","google-benchmark aggregate"
"2026-02-13T19:09:28Z","9e02b50","Release","bench_pipelines_bench_pipeline_hodge_main","synthetic","303467416.85643798","301728541.96280241","2923517.9311703462","","google-benchmark aggregate"
"2026-02-13T19:13:28Z","5933a4f","Release","bench_dod_bench_1form_gram/2000/16","synthetic","335376.32752276829","335639.64548492862","968.11578005642730","","google-benchmark aggregate"
"2026-02-13T19:13:28Z","5933a4f","Release","bench_dod_bench_curl_energy/2000/16","synthetic","1211521.2659279029","1183903.5679093616","62942.066993894186","","google-benchmark aggregate"
"2026-02-13T19:13:28Z","5933a4f","Release","bench_dod_bench_curvature_kernel/400","synthetic","7402504.6193619836","7393954.9635995086","31160.695357831195","","google-benchmark aggregate"
"2026-02-13T19:13:28Z","5933a4f","Release","bench_dod_bench_diffusion_build/2000","synthetic","2921810.9246964254","2919439.1203216380","34740.372384701710","","google-benchmark aggregate"
"2026-02-13T19:13:28Z","5933a4f","Release","bench_dod_bench_eigenbasis/2000/16","synthetic","14992594.076810699","14992836.629971862","12483.409977570831","","google-benchmark aggregate"
"2026-02-13T19:13:28Z","5933a4f","Release","bench_dod_bench_flow_kernel/400","synthetic","534787.43634775444","531407.60749093187","7444.1228836510591","","google-benchmark aggregate"
"2026-02-13T19:13:28Z","5933a4f","Release","bench_dod_bench_hodge_solve/2000/16","synthetic","74396.395659499889","74337.184455172537","906.58857709730057","","google-benchmark aggregate"
"2026-02-13T19:13:28Z","5933a4f","Release","bench_dod_bench_markov_step/2000","synthetic","17520.352684914174","17520.131419981106","2.7883037347054942","","google-benchmark aggregate"
"2026-02-13T19:13:28Z","5933a4f","Release","bench_dod_bench_mesh_topology_build/400","synthetic","4754139.9715247294","4739303.6785267163","45903.134665030557","","google-benchmark aggregate"
"2026-02-13T19:13:28Z","5933a4f","Release","bench_dod_bench_weak_derivative/2000/16","synthetic","1451629.5754763577","1451437.7167851652","1556.8024578194738","","google-benchmark aggregate"
"2026-02-13T19:13:28Z","5933a4f","Release","bench_pipelines_bench_hodge_phase_circular","synthetic","5049378.0580558339","5025643.6937773712","39019.616398253820","","google-benchmark aggregate"
"2026-02-13T19:13:28Z","5933a4f","Release","bench_pipelines_bench_hodge_phase_curl_energy","synthetic","15747891.916893426","15989424.167200927","513833.48725578806","","google-benchmark aggregate"
"2026-02-13T19:13:28Z","5933a4f","Release","bench_pipelines_bench_hodge_phase_eigenbasis","synthetic","109603274.70675111","109434875.19398332","376275.40540291864","","google-benchmark aggregate"
"2026-02-13T19:13:28Z","5933a4f","Release","bench_pipelines_bench_hodge_phase_weak_derivative","synthetic","12506558.314304460","12521503.831852566","70704.902062387293","","google-benchmark aggregate"
"2026-02-13T19:13:28Z","5933a4f","Release","bench_pipelines_bench_pipeline_hodge_main","synthetic","159005624.70778823","158446665.85326195","1168958.0832664790","","google-benchmark aggregate"
"2026-02-13T19:13:34Z","5933a4f","Release","bench_pipelines_bench_hodge_phase_circular","synthetic","32182759.977877140","29011616.762727499","5171607.2872031182","","google-benchmark aggregate"
"2026-02-13T19:13:34Z","5933a4f","Release","bench_pipelines_bench_hodge_phase_curl_energy","synthetic","177334675.00656843","175635041.66901112","14386151.559996873","","google-benchmark aggregate"
"2026-02-13T19:13:34Z","5933a4f","Release","bench_pipelines_bench_hodge_phase_eigenbasis","synthetic","110842183.23230743","111275833.10008049","815007.14824661519","","google-benchmark aggregate"
"2026-02-13T19:13:34Z","5933a4f","Release","bench_pipelines_bench_hodge_phase_weak_derivative","synthetic","13116073.464466766","12491037.899797613","1320799.3447244205","","google-benchmark aggregate"
"2026-02-13T19:13:34Z","5933a4f","Release","bench_pipelines_bench_pipeline_hodge_main","synthetic","312154299.85895753","311206040.90392590","2642266.1772164698","","google-benchmark aggregate"
"2026-02-13T19:35:11Z","73a8b91","Release","bench_dod_threaded_wave4_bench_1form_gram/2000/16","synthetic","341522.99056223413","342036.89109595964","3359.4361128172654","","google-benchmark aggregate"
"2026-02-13T19:35:11Z","73a8b91","Release","bench_dod_threaded_wave4_bench_curl_energy/2000/16","synthetic","1242688.1315594271","1188277.0066510146","124012.24820643626","","google-benchmark aggregate"
"2026-02-13T19:35:11Z","73a8b91","Release","bench_dod_threaded_wave4_bench_curvature_kernel/400","synthetic","998181.55573060119","991955.00137284398","26036.629622546992","","google-benchmark aggregate"
"2026-02-13T19:35:11Z","73a8b91","Release","bench_dod_threaded_wave4_bench_diffusion_build/2000","synthetic","770148.09614548122","769863.46406341414","4796.9028086206908","","google-benchmark aggregate"
"2026-02-13T19:35:11Z","73a8b91","Release","bench_dod_threaded_wave4_bench_eigenbasis/2000/16","synthetic","15222072.453858953","15262063.657347526","198889.75226161332","","google-benchmark aggregate"
"2026-02-13T19:35:11Z","73a8b91","Release","bench_dod_threaded_wave4_bench_flow_kernel/400","synthetic","335041.56307620410","335831.45990923664","4344.0655042941380","","google-benchmark aggregate"
"2026-02-13T19:35:11Z","73a8b91","Release","bench_dod_threaded_wave4_bench_hodge_solve/2000/16","synthetic","73777.681623885699","73572.957087149291","1330.1399121414061","","google-benchmark aggregate"
"2026-02-13T19:35:11Z","73a8b91","Release","bench_dod_threaded_wave4_bench_markov_step/2000","synthetic","17869.894386931035","17905.689207778410","213.41514416518331","","google-benchmark aggregate"
"2026-02-13T19:35:11Z","73a8b91","Release","bench_dod_threaded_wave4_bench_mesh_topology_build/400","synthetic","4565899.9282988850","4567222.6697206497","12005.548803322210","","google-benchmark aggregate"
"2026-02-13T19:35:11Z","73a8b91","Release","bench_dod_threaded_wave4_bench_weak_derivative/2000/16","synthetic","1456575.0216378977","1450291.3360238860","15313.540196304384","","google-benchmark aggregate"
"2026-02-13T19:35:11Z","73a8b91","Release","bench_pipelines_threaded_wave4_bench_hodge_phase_circular","synthetic","5308125.8556202939","5096639.0887932740","672835.83847595507","","google-benchmark aggregate"
"2026-02-13T19:35:11Z","73a8b91","Release","bench_pipelines_threaded_wave4_bench_hodge_phase_curl_energy","synthetic","14957967.434417119","14959153.422916478","122784.58887161364","","google-benchmark aggregate"
"2026-02-13T19:35:11Z","73a8b91","Release","bench_pipelines_threaded_wave4_bench_hodge_phase_eigenbasis","synthetic","106644750.08379668","106710250.14016777","206297.01531561292","","google-benchmark aggregate"
"2026-02-13T19:35:11Z","73a8b91","Release","bench_pipelines_threaded_wave4_bench_hodge_phase_gram","synthetic","6504859.4636699334","6502658.6749949139","18539.497695765225","","google-benchmark aggregate"
"2026-02-13T19:35:11Z","73a8b91","Release","bench_pipelines_threaded_wave4_bench_hodge_phase_solve","synthetic","1878607.4536749057","1856203.0098918411","54390.577665291064","","google-benchmark aggregate"
"2026-02-13T19:35:11Z","73a8b91","Release","bench_pipelines_threaded_wave4_bench_hodge_phase_topology","synthetic","1388668.8022023959","1389084.9649096313","6903.2190621582977","","google-benchmark aggregate"
"2026-02-13T19:35:11Z","73a8b91","Release","bench_pipelines_threaded_wave4_bench_hodge_phase_weak_derivative","synthetic","12054437.804701073","12030105.688609183","77411.654535270922","","google-benchmark aggregate"
"2026-02-13T19:35:11Z","73a8b91","Release","bench_pipelines_threaded_wave4_bench_pipeline_diffusion_main/100","synthetic","3092657.9497409640","3093586.0359696327","7098.1774991586763","","google-benchmark aggregate"
"2026-02-13T19:35:11Z","73a8b91","Release","bench_pipelines_threaded_wave4_bench_pipeline_diffusion_main/20","synthetic","1342462.9374129467","1341637.6120100417","5181.9301610587154","","google-benchmark aggregate"
"2026-02-13T19:35:11Z","73a8b91","Release","bench_pipelines_threaded_wave4_bench_pipeline_hodge_main","synthetic","148747762.61858645","148591770.79051733","598285.50170625350","","google-benchmark aggregate"
"2026-02-13T19:35:11Z","73a8b91","Release","bench_pipelines_threaded_wave4_bench_pipeline_spectral_main","synthetic","30436834.199354060","30446491.716429591","56874.605928742792","","google-benchmark aggregate"
"2026-02-13T19:35:11Z","73a8b91","Release","bench_pipelines_cpu_wave4_bench_hodge_phase_circular","synthetic","25404671.439900994","25388133.978205070","91769.751230327951","","google-benchmark aggregate"
"2026-02-13T19:35:11Z","73a8b91","Release","bench_pipelines_cpu_wave4_bench_hodge_phase_curl_energy","synthetic","143065787.61897981","142845833.20841193","582250.42245132069","","google-benchmark aggregate"
"2026-02-13T19:35:11Z","73a8b91","Release","bench_pipelines_cpu_wave4_bench_hodge_phase_eigenbasis","synthetic","107208093.81455183","107174625.03816932","142432.24257191183","","google-benchmark aggregate"
"2026-02-13T19:35:11Z","73a8b91","Release","bench_pipelines_cpu_wave4_bench_hodge_phase_gram","synthetic","6274699.8474553786","6267286.2765827663","26347.068506847776","","google-benchmark aggregate"
"2026-02-13T19:35:11Z","73a8b91","Release","bench_pipelines_cpu_wave4_bench_hodge_phase_solve","synthetic","1912103.6119759083","1870808.3338828548","111804.19994764247","","google-benchmark aggregate"
"2026-02-13T19:35:11Z","73a8b91","Release","bench_pipelines_cpu_wave4_bench_hodge_phase_topology","synthetic","6135917.7481521061","6135780.0969509054","9865.7511857484278","","google-benchmark aggregate"
"2026-02-13T19:35:11Z","73a8b91","Release","bench_pipelines_cpu_wave4_bench_hodge_phase_weak_derivative","synthetic","12062331.548492825","12065782.743905272","7546.0093135366578","","google-benchmark aggregate"
"2026-02-13T19:35:11Z","73a8b91","Release","bench_pipelines_cpu_wave4_bench_pipeline_diffusion_main/100","synthetic","5926850.4547487423","5922806.5573344268","13609.413039367748","","google-benchmark aggregate"
"2026-02-13T19:35:11Z","73a8b91","Release","bench_pipelines_cpu_wave4_bench_pipeline_diffusion_main/20","synthetic","4228395.3000337649","4215212.0612370651","52003.477329480796","","google-benchmark aggregate"
"2026-02-13T19:35:11Z","73a8b91","Release","bench_pipelines_cpu_wave4_bench_pipeline_hodge_main","synthetic","302312258.35159427","302010728.97762060","798040.31484065310","","google-benchmark aggregate"
"2026-02-13T19:35:11Z","73a8b91","Release","bench_pipelines_cpu_wave4_bench_pipeline_spectral_main","synthetic","33384391.665458679","33376749.977469444","29506.338551277458","","google-benchmark aggregate"
"2026-02-13T19:51:21Z","e6f4bde","Release","bench_dod_tri_nei_h3_bench_1form_gram/2000/16","synthetic","337252.23981351411","337990.09319737542","1928.5659893231866","","google-benchmark aggregate"
"2026-02-13T19:51:21Z","e6f4bde","Release","bench_dod_tri_nei_h3_bench_curl_energy/2000/16","synthetic","1190760.4104724894","1190277.7788539727","4096.8278636293162","","google-benchmark aggregate"
"2026-02-13T19:51:21Z","e6f4bde","Release","bench_dod_tri_nei_h3_bench_curvature_kernel/400","synthetic","977098.98591825832","977389.80242100195","2659.7790665790699","","google-benchmark aggregate"
"2026-02-13T19:51:21Z","e6f4bde","Release","bench_dod_tri_nei_h3_bench_diffusion_build/2000","synthetic","756613.89630151354","758635.90537136444","6047.7050847162800","","google-benchmark aggregate"
"2026-02-13T19:51:21Z","e6f4bde","Release","bench_dod_tri_nei_h3_bench_eigenbasis/2000/16","synthetic","14824810.962339763","14815359.645964283","56391.648189514235","","google-benchmark aggregate"
"2026-02-13T19:51:21Z","e6f4bde","Release","bench_dod_tri_nei_h3_bench_flow_kernel/400","synthetic","329733.46162653534","330300.68975757563","1627.8512647855580","","google-benchmark aggregate"
"2026-02-13T19:51:21Z","e6f4bde","Release","bench_dod_tri_nei_h3_bench_hodge_solve/2000/16","synthetic","72388.346127418758","72330.184242566014","119.39982195988337","","google-benchmark aggregate"
"2026-02-13T19:51:21Z","e6f4bde","Release","bench_dod_tri_nei_h3_bench_markov_step/2000","synthetic","17425.728853062850","17428.406167764264","5.5980078754961662","","google-benchmark aggregate"
"2026-02-13T19:51:21Z","e6f4bde","Release","bench_dod_tri_nei_h3_bench_mesh_topology_build/400","synthetic","2965768.9253023518","2966959.2089097328","12224.657573507873","","google-benchmark aggregate"
"2026-02-13T19:51:21Z","e6f4bde","Release","bench_dod_tri_nei_h3_bench_weak_derivative/2000/16","synthetic","1468071.6238523782","1469332.8939182193","16643.113918762239","","google-benchmark aggregate"
"2026-02-13T19:57:54Z","c136055","Release","bench_pipelines_spectral_csr_h2_bench_hodge_phase_eigenbasis","synthetic","93285993.835888818","93248229.473829269","392906.17545423709","","google-benchmark aggregate"
"2026-02-13T19:57:54Z","c136055","Release","bench_pipelines_spectral_csr_h2_bench_hodge_phase_topology","synthetic","1403065.3697696808","1408383.7511158793","16574.082179602534","","google-benchmark aggregate"
"2026-02-13T19:57:54Z","c136055","Release","bench_pipelines_spectral_csr_h2_bench_pipeline_hodge_main","synthetic","137104599.69006482","137024624.73884225","1412260.4818015208","","google-benchmark aggregate"
"2026-02-13T19:57:54Z","c136055","Release","bench_pipelines_spectral_csr_h2_bench_pipeline_spectral_main","synthetic","23197594.624278802","23123446.452830520","480191.10333596903","","google-benchmark aggregate"
"2026-02-13T19:57:54Z","c136055","Release","bench_dod_spectral_csr_h2_bench_eigenbasis/2000/16","synthetic","12920341.314747930","12908804.351868834","682968.83298473083","","google-benchmark aggregate"
"2026-02-13T20:02:18Z","ae7dbf9","Release","bench_dod_largestreal_h1_bench_eigenbasis/2000/16","synthetic","12132565.901530061","12018322.912891481","260043.32422781916","","google-benchmark aggregate"
"2026-02-13T20:02:18Z","ae7dbf9","Release","bench_pipelines_largestreal_h1_bench_hodge_phase_eigenbasis","synthetic","88811587.612144649","88754698.052071035","220149.79853106532","","google-benchmark aggregate"
"2026-02-13T20:02:18Z","ae7dbf9","Release","bench_pipelines_largestreal_h1_bench_hodge_phase_topology","synthetic","1389562.9068622284","1386156.7136394768","11843.435436952041","","google-benchmark aggregate"
"2026-02-13T20:02:18Z","ae7dbf9","Release","bench_pipelines_largestreal_h1_bench_pipeline_hodge_main","synthetic","132642583.31619203","132868604.03604805","918305.99745809718","","google-benchmark aggregate"
"2026-02-13T20:02:18Z","ae7dbf9","Release","bench_pipelines_largestreal_h1_bench_pipeline_spectral_main","synthetic","22514563.093760185","22501235.195834722","73369.543683712123","","google-benchmark aggregate"
"2026-02-13T20:05:08Z","a538e16","Release","bench_pipelines_weakderiv_par_h1_bench_hodge_phase_circular","synthetic","5163188.1115848534","5116110.9072649311","145367.04431006280","","google-benchmark aggregate"
"2026-02-13T20:05:08Z","a538e16","Release","bench_pipelines_weakderiv_par_h1_bench_hodge_phase_curl_energy","synthetic","14944856.609993925","14915440.949456146","99997.588243948383","","google-benchmark aggregate"
"2026-02-13T20:05:08Z","a538e16","Release","bench_pipelines_weakderiv_par_h1_bench_hodge_phase_eigenbasis","synthetic","89811272.942461073","89631593.786180019","982115.78198996629","","google-benchmark aggregate"
"2026-02-13T20:05:08Z","a538e16","Release","bench_pipelines_weakderiv_par_h1_bench_hodge_phase_gram","synthetic","6404317.4820164088","6406591.3633944895","12046.304139450363","","google-benchmark aggregate"
"2026-02-13T20:05:08Z","a538e16","Release","bench_pipelines_weakderiv_par_h1_bench_hodge_phase_solve","synthetic","1857490.4420358292","1843317.6474097897","35917.833883561754","","google-benchmark aggregate"
"2026-02-13T20:05:08Z","a538e16","Release","bench_pipelines_weakderiv_par_h1_bench_hodge_phase_topology","synthetic","1459427.4413612511","1436918.5460177627","50051.202444220864","","google-benchmark aggregate"
"2026-02-13T20:05:08Z","a538e16","Release","bench_pipelines_weakderiv_par_h1_bench_hodge_phase_weak_derivative","synthetic","2754085.7639784617","2751409.3865950899","18252.876156268419","","google-benchmark aggregate"
"2026-02-13T20:05:08Z","a538e16","Release","bench_pipelines_weakderiv_par_h1_bench_pipeline_hodge_main","synthetic","123376574.69324768","123055416.39216244","1200877.1933534632","","google-benchmark aggregate"
"2026-02-13T20:08:10Z","91cf268","Release","bench_dod_gram_par_h1_bench_1form_gram/2000/16","synthetic","351320.85992339649","352791.64084895229","3529.8526635064750","","google-benchmark aggregate"
"2026-02-13T20:08:10Z","91cf268","Release","bench_dod_gram_par_h1_bench_eigenbasis/2000/16","synthetic","11991526.455739917","11991053.465348871","16269.767575393940","","google-benchmark aggregate"
"2026-02-13T20:08:10Z","91cf268","Release","bench_pipelines_gram_par_h1_bench_hodge_phase_eigenbasis","synthetic","89031714.550219476","89029145.776294172","395807.41214651562","","google-benchmark aggregate"
"2026-02-13T20:08:10Z","91cf268","Release","bench_pipelines_gram_par_h1_bench_hodge_phase_gram","synthetic","1174442.5053889521","1173555.5072058768","28391.720949207265","","google-benchmark aggregate"
"2026-02-13T20:08:10Z","91cf268","Release","bench_pipelines_gram_par_h1_bench_hodge_phase_weak_derivative","synthetic","2761186.1325567593","2735383.1392247230","71612.142347773188","","google-benchmark aggregate"
"2026-02-13T20:08:10Z","91cf268","Release","bench_pipelines_gram_par_h1_bench_pipeline_hodge_main","synthetic","116476804.08786984","116350041.35314374","362478.35233852122","","google-benchmark aggregate"
"2026-02-13T20:08:10Z","91cf268","Release","bench_pipelines_gram_par_h1_bench_pipeline_spectral_main","synthetic","22381583.907242335","22362318.455374666","67681.230310523373","","google-benchmark aggregate"
"2026-02-13T20:11:57Z","ab37cf7","Release","bench_pipelines_current_head_bench_hodge_phase_circular","synthetic","5101326.3965062061","5092677.7013741871","31435.962726426864","","google-benchmark aggregate"
"2026-02-13T20:11:57Z","ab37cf7","Release","bench_pipelines_current_head_bench_hodge_phase_curl_energy","synthetic","14528188.634560339","14478038.181550801","124726.17807915813","","google-benchmark aggregate"
"2026-02-13T20:11:57Z","ab37cf7","Release","bench_pipelines_current_head_bench_hodge_phase_eigenbasis","synthetic","89291624.724864960","89421874.843537807","249924.17429370698","","google-benchmark aggregate"
"2026-02-13T20:11:57Z","ab37cf7","Release","bench_pipelines_current_head_bench_hodge_phase_gram","synthetic","1105616.5617619511","1105680.3809360990","3604.8542764965387","","google-benchmark aggregate"
"2026-02-13T20:11:57Z","ab37cf7","Release","bench_pipelines_current_head_bench_hodge_phase_solve","synthetic","1852767.5120188203","1852517.5136429342","6838.6557496959140","","google-benchmark aggregate"
"2026-02-13T20:11:57Z","ab37cf7","Release","bench_pipelines_current_head_bench_hodge_phase_topology","synthetic","1346778.0197638900","1342849.0059689069","26071.995282788008","","google-benchmark aggregate"
"2026-02-13T20:11:57Z","ab37cf7","Release","bench_pipelines_current_head_bench_hodge_phase_weak_derivative","synthetic","2755362.0360170803","2759818.0497686071","21558.622141448530","","google-benchmark aggregate"
"2026-02-13T20:11:57Z","ab37cf7","Release","bench_pipelines_current_head_bench_pipeline_diffusion_main/100","synthetic","3189724.9942024541","3190221.9761501662","3113.9788907550956","","google-benchmark aggregate"
"2026-02-13T20:11:57Z","ab37cf7","Release","bench_pipelines_current_head_bench_pipeline_diffusion_main/20","synthetic","1327280.2471735720","1319121.8219571195","17485.725480248020","","google-benchmark aggregate"
"2026-02-13T20:11:57Z","ab37cf7","Release","bench_pipelines_current_head_bench_pipeline_hodge_main","synthetic","118157361.09080414","117761250.11965632","1795369.0968179668","","google-benchmark aggregate"
"2026-02-13T20:11:57Z","ab37cf7","Release","bench_pipelines_current_head_bench_pipeline_spectral_main","synthetic","23344699.623218428","23339265.608228743","103159.54892942159","","google-benchmark aggregate"
"2026-02-13T20:28:59Z","0742e0f","Release","bench_pipelines_workerpool_h1_bench_pipeline_diffusion_main/20","synthetic","1294968","1213503","174893","","google-benchmark aggregate"
"2026-02-13T20:28:59Z","0742e0f","Release","bench_pipelines_workerpool_h1_bench_pipeline_diffusion_main/100","synthetic","3002230","3005475","16916","","google-benchmark aggregate"
"2026-02-13T20:28:59Z","0742e0f","Release","bench_pipelines_workerpool_h1_bench_pipeline_spectral_main","synthetic","23119577","22302486","1897155","","google-benchmark aggregate"
"2026-02-13T20:28:59Z","0742e0f","Release","bench_pipelines_workerpool_h1_bench_pipeline_hodge_main","synthetic","115609250","115712688","225312","","google-benchmark aggregate"
"2026-02-13T20:28:59Z","0742e0f","Release","bench_pipelines_workerpool_h1_bench_hodge_phase_topology","synthetic","1228338","1227159","3015","","google-benchmark aggregate"
"2026-02-13T20:28:59Z","0742e0f","Release","bench_pipelines_workerpool_h1_bench_hodge_phase_eigenbasis","synthetic","89065550","89010355","260119","","google-benchmark aggregate"
"2026-02-13T20:28:59Z","0742e0f","Release","bench_pipelines_workerpool_h1_bench_hodge_phase_gram","synthetic","1142307","1128511","50811","","google-benchmark aggregate"
"2026-02-13T20:28:59Z","0742e0f","Release","bench_pipelines_workerpool_h1_bench_hodge_phase_weak_derivative","synthetic","2579406","2572622","24197","","google-benchmark aggregate"
"2026-02-13T20:28:59Z","0742e0f","Release","bench_dod_workerpool_h1_bench_diffusion_build/2000","synthetic","616374","615357","2551","","google-benchmark aggregate"
"2026-02-13T20:28:59Z","0742e0f","Release","bench_dod_workerpool_h1_bench_markov_step/2000","synthetic","17240","17221","40.6","","google-benchmark aggregate"
"2026-02-13T20:28:59Z","0742e0f","Release","bench_dod_workerpool_h1_bench_eigenbasis/2000/16","synthetic","11991487","11977803","32235","","google-benchmark aggregate"
"2026-02-13T20:28:59Z","0742e0f","Release","bench_dod_workerpool_h1_bench_1form_gram/2000/16","synthetic","264325","265494","4308","","google-benchmark aggregate"
"2026-02-13T20:28:59Z","0742e0f","Release","bench_dod_workerpool_h1_bench_weak_derivative/2000/16","synthetic","367339","367635","3830","","google-benchmark aggregate"
"2026-02-13T20:28:59Z","7984261","Release","bench_pipelines_gpu_gated_h1_bench_pipeline_diffusion_main/20","synthetic","1203828","1201418","16693","","google-benchmark aggregate"
"2026-02-13T20:28:59Z","7984261","Release","bench_pipelines_gpu_gated_h1_bench_pipeline_diffusion_main/100","synthetic","2986037","2983810","56334","","google-benchmark aggregate"
"2026-02-13T20:28:59Z","7984261","Release","bench_pipelines_gpu_gated_h1_bench_pipeline_spectral_main","synthetic","22217453","22256685","140713","","google-benchmark aggregate"
"2026-02-13T20:28:59Z","7984261","Release","bench_pipelines_gpu_gated_h1_bench_pipeline_hodge_main","synthetic","116473733","116275312","733630","","google-benchmark aggregate"
"2026-02-13T20:28:59Z","7984261","Release","bench_dod_gpu_gated_h1_bench_markov_step/2000","synthetic","17559","17508","154","","google-benchmark aggregate"
"2026-02-13T20:28:59Z","7984261","Release","bench_dod_gpu_gated_h1_bench_1form_gram/2000/16","synthetic","269606","270788","3576","","google-benchmark aggregate"
"2026-02-13T20:28:59Z","7984261","Release","bench_dod_gpu_gated_h1_bench_weak_derivative/2000/16","synthetic","373427","373794","2318","","google-benchmark aggregate"
"2026-02-13T20:28:59Z","7984261","Release","bench_pipelines_gpu_force_h1_bench_pipeline_diffusion_main/20","synthetic","4968466","4955119","81391","","google-benchmark aggregate"
"2026-02-13T20:28:59Z","7984261","Release","bench_pipelines_gpu_force_h1_bench_pipeline_diffusion_main/100","synthetic","19627398","19507977","265654","","google-benchmark aggregate"
"2026-02-13T20:28:59Z","7984261","Release","bench_dod_gpu_force_h1_bench_markov_step/2000","synthetic","178747","179056","2023","","google-benchmark aggregate"
"2026-02-13T20:53:54Z","a6d6ff0","Release","bench_dod_diff_build_scratch_h1_bench_diffusion_build/2000","synthetic","610566","607966","9805","","google-benchmark aggregate"
"2026-02-13T20:53:54Z","2cb7579","Release","bench_dod_gpu_steps_cpu_bench_markov_step/2000","synthetic","17381","17392","116","","google-benchmark aggregate"
"2026-02-13T20:53:54Z","2cb7579","Release","bench_dod_gpu_steps_cpu_bench_markov_multi_step/2000/20","synthetic","346926","346032","1826","","google-benchmark aggregate"
"2026-02-13T20:53:54Z","2cb7579","Release","bench_dod_gpu_steps_cpu_bench_markov_multi_step/20000/20","synthetic","4718597","4746431","96658","","google-benchmark aggregate"
"2026-02-13T20:53:54Z","2cb7579","Release","bench_pipelines_gpu_steps_cpu_bench_pipeline_diffusion_main/20","synthetic","1135912","1133510","16202","","google-benchmark aggregate"
"2026-02-13T20:53:54Z","2cb7579","Release","bench_pipelines_gpu_steps_cpu_bench_pipeline_diffusion_main/100","synthetic","2900235","2915859","36156","","google-benchmark aggregate"
"2026-02-13T20:53:54Z","2cb7579","Release","bench_dod_gpu_steps_gated_bench_markov_step/2000","synthetic","17530","17501","93.1","","google-benchmark aggregate"
"2026-02-13T20:53:54Z","2cb7579","Release","bench_dod_gpu_steps_gated_bench_markov_multi_step/2000/20","synthetic","349750","349289","1176","","google-benchmark aggregate"
"2026-02-13T20:53:54Z","2cb7579","Release","bench_dod_gpu_steps_gated_bench_markov_multi_step/20000/20","synthetic","733538","755986","50825","","google-benchmark aggregate"
"2026-02-13T20:53:54Z","2cb7579","Release","bench_pipelines_gpu_steps_gated_bench_pipeline_diffusion_main/20","synthetic","1146170","1141962","14240","","google-benchmark aggregate"
"2026-02-13T20:53:54Z","2cb7579","Release","bench_pipelines_gpu_steps_gated_bench_pipeline_diffusion_main/100","synthetic","2880774","2876555","7860","","google-benchmark aggregate"
"2026-02-13T20:53:54Z","2cb7579","Release","bench_dod_gpu_steps_force_bench_markov_step/2000","synthetic","181227","181031","3999","","google-benchmark aggregate"
"2026-02-13T20:53:54Z","2cb7579","Release","bench_dod_gpu_steps_force_bench_markov_multi_step/2000/20","synthetic","407953","406700","6539","","google-benchmark aggregate"
"2026-02-13T20:53:54Z","2cb7579","Release","bench_dod_gpu_steps_force_bench_markov_multi_step/20000/20","synthetic","786016","770134","31651","","google-benchmark aggregate"
"2026-02-13T20:53:54Z","2cb7579","Release","bench_pipelines_gpu_steps_force_bench_pipeline_diffusion_main/20","synthetic","1210990","1211654","3963","","google-benchmark aggregate"
"2026-02-13T20:53:54Z","2cb7579","Release","bench_pipelines_gpu_steps_force_bench_pipeline_diffusion_main/100","synthetic","2158826","2149612","30799","","google-benchmark aggregate"
"2026-02-13T20:53:54Z","76c48be","Release","bench_dod_gpu_policy_h1_bench_markov_step/2000","synthetic","17381","17381","9.11","","google-benchmark aggregate"
"2026-02-13T20:53:54Z","76c48be","Release","bench_dod_gpu_policy_h1_bench_markov_multi_step/2000/20","synthetic","349895","349520","569","","google-benchmark aggregate"
"2026-02-13T20:53:54Z","76c48be","Release","bench_dod_gpu_policy_h1_bench_markov_multi_step/20000/20","synthetic","763025","765994","14137","","google-benchmark aggregate"
"2026-02-13T20:53:54Z","76c48be","Release","bench_pipelines_gpu_policy_h1_bench_pipeline_diffusion_main/20","synthetic","1157842","1158576","4165","","google-benchmark aggregate"
"2026-02-13T20:53:54Z","76c48be","Release","bench_pipelines_gpu_policy_h1_bench_pipeline_diffusion_main/100","synthetic","2213755","2199576","26641","","google-benchmark aggregate"
"2026-02-13T21:01:31Z","6e2b2fb","Release","bench_pipelines_spectral_sym_h2_bench_pipeline_spectral_main","synthetic","17935921","17589205","622885","","google-benchmark aggregate"
"2026-02-13T21:01:31Z","6e2b2fb","Release","bench_pipelines_spectral_sym_h2_bench_pipeline_hodge_main","synthetic","103082550","103105417","513999","","google-benchmark aggregate"
"2026-02-13T21:01:31Z","6e2b2fb","Release","bench_pipelines_spectral_sym_h2_bench_hodge_phase_eigenbasis","synthetic","75773900","75681264","271103","","google-benchmark aggregate"
"2026-02-13T21:01:31Z","6e2b2fb","Release","bench_dod_spectral_sym_h2_bench_eigenbasis/2000/16","synthetic","11998082","11994109","11793","","google-benchmark aggregate"
"2026-02-13T21:01:31Z","6e2b2fb","Release","bench_dod_spectral_sym_h2_bench_1form_gram/2000/16","synthetic","260109","259670","1151","","google-benchmark aggregate"
"2026-02-13T21:01:31Z","6e2b2fb","Release","bench_dod_spectral_sym_h2_bench_weak_derivative/2000/16","synthetic","363137","364220","3665","","google-benchmark aggregate"
"2026-02-13T21:19:39Z","266e4b6","Release","bench_dod_csr_only_h1_bench_diffusion_build/2000","synthetic","589063","589813","1694","-10.15%","google-benchmark aggregate"
"2026-02-13T21:19:39Z","266e4b6","Release","bench_dod_csr_only_h1_bench_markov_step/2000","synthetic","17420","17402","32.5","-1.00%","google-benchmark aggregate"
"2026-02-13T21:19:39Z","266e4b6","Release","bench_dod_csr_only_h1_bench_markov_multi_step/2000/20","synthetic","347914","347896","216","+0.59%","google-benchmark aggregate"
"2026-02-13T21:19:39Z","266e4b6","Release","bench_dod_csr_only_h1_bench_markov_multi_step/20000/20","synthetic","4754201","4757719","34455","-0.69%","google-benchmark aggregate"
"2026-02-13T21:19:39Z","266e4b6","Release","bench_pipelines_csr_only_h1_bench_pipeline_diffusion_main/20","synthetic","1046041","1044640","3391","-12.13%","google-benchmark aggregate"
"2026-02-13T21:19:39Z","266e4b6","Release","bench_pipelines_csr_only_h1_bench_pipeline_diffusion_main/100","synthetic","2790820","2768091","34144","-3.98%","google-benchmark aggregate"
"2026-02-13T21:19:39Z","266e4b6","Release","bench_pipelines_csr_only_h1_bench_hodge_phase_topology","synthetic","871193","870455","4128","-27.00%","google-benchmark aggregate"
"2026-02-13T21:51:53Z","78d0d61","Release","bench_pipelines_gpugate_probe_cpu_bench_pipeline_diffusion_main/20","synthetic","1044372","1029702","38666","","google-benchmark aggregate"
"2026-02-13T21:51:53Z","78d0d61","Release","bench_pipelines_gpugate_probe_cpu_bench_pipeline_diffusion_main/100","synthetic","2825281","2830234","38266","","google-benchmark aggregate"
"2026-02-13T21:51:53Z","78d0d61","Release","bench_pipelines_gpugate_probe_cpu_bench_pipeline_spectral_main","synthetic","17307605","17330651","307114","","google-benchmark aggregate"
"2026-02-13T21:51:53Z","78d0d61","Release","bench_pipelines_gpugate_probe_cpu_bench_pipeline_hodge_main","synthetic","103578595","102934417","1787493","","google-benchmark aggregate"
"2026-02-13T21:51:53Z","78d0d61","Release","bench_pipelines_gpugate_probe_cpu_bench_hodge_phase_topology","synthetic","895624","896437","5747","","google-benchmark aggregate"
"2026-02-13T21:51:53Z","78d0d61","Release","bench_pipelines_gpugate_probe_cpu_bench_hodge_phase_eigenbasis","synthetic","75983974","76062292","197545","","google-benchmark aggregate"
"2026-02-13T21:51:53Z","78d0d61","Release","bench_pipelines_gpugate_probe_cpu_bench_hodge_phase_gram","synthetic","1106180","1098272","23458","","google-benchmark aggregate"
"2026-02-13T21:51:53Z","78d0d61","Release","bench_pipelines_gpugate_probe_cpu_bench_hodge_phase_weak_derivative","synthetic","2570009","2568747","13000","","google-benchmark aggregate"
"2026-02-13T21:51:53Z","78d0d61","Release","bench_pipelines_gpugate_probe_cpu_bench_hodge_phase_curl_energy","synthetic","14686660","14748732","146966","","google-benchmark aggregate"
"2026-02-13T21:51:53Z","78d0d61","Release","bench_pipelines_gpugate_probe_cpu_bench_hodge_phase_circular","synthetic","4645313","4502328","231046","","google-benchmark aggregate"
"2026-02-13T21:51:53Z","78d0d61","Release","bench_pipelines_gpugate_probe_gpu2000_bench_pipeline_diffusion_main/20","synthetic","1182350","1171039","21326","+13.21% vs cpuprobe","google-benchmark aggregate"
"2026-02-13T21:51:53Z","78d0d61","Release","bench_pipelines_gpugate_probe_gpu2000_bench_pipeline_diffusion_main/100","synthetic","2181006","2144423","89429","-22.80% vs cpuprobe","google-benchmark aggregate"
"2026-02-13T21:51:53Z","78d0d61","Release","bench_pipelines_gpugate_probe_gpu2000_bench_pipeline_spectral_main","synthetic","19849039","19747451","375456","+14.68% vs cpuprobe","google-benchmark aggregate"
"2026-02-13T21:51:53Z","78d0d61","Release","bench_pipelines_gpugate_probe_gpu2000_bench_pipeline_hodge_main","synthetic","192674624","192925220","11339213","+86.02% vs cpuprobe","google-benchmark aggregate"
"2026-02-13T21:51:53Z","78d0d61","Release","bench_pipelines_gpugate_probe_gpu2000_bench_hodge_phase_topology","synthetic","866553","857850","15374","-3.25% vs cpuprobe","google-benchmark aggregate"
"2026-02-13T21:51:53Z","78d0d61","Release","bench_pipelines_gpugate_probe_gpu2000_bench_hodge_phase_eigenbasis","synthetic","75873323","75832162","201909","-0.15% vs cpuprobe","google-benchmark aggregate"
"2026-02-13T21:51:53Z","78d0d61","Release","bench_pipelines_gpugate_probe_gpu2000_bench_hodge_phase_gram","synthetic","2271881","2268738","21654","+105.38% vs cpuprobe","google-benchmark aggregate"
"2026-02-13T21:51:53Z","78d0d61","Release","bench_pipelines_gpugate_probe_gpu2000_bench_hodge_phase_weak_derivative","synthetic","18806064","20494234","3807047","+631.75% vs cpuprobe","google-benchmark aggregate"
"2026-02-13T21:51:53Z","78d0d61","Release","bench_pipelines_gpugate_probe_gpu2000_bench_hodge_phase_curl_energy","synthetic","299060825","296520302","19543332","+1936.28% vs cpuprobe","google-benchmark aggregate"
"2026-02-13T21:51:53Z","78d0d61","Release","bench_pipelines_gpugate_probe_gpu2000_bench_hodge_phase_circular","synthetic","73674825","75683285","6592262","+1486.00% vs cpuprobe","google-benchmark aggregate"
